<?xml version = '1.0' encoding = 'UTF-8'?>
<Entity class="oracle.dbtools.crest.model.design.logical.Entity" directorySegmentName="seg_0" id="64D7C8BE-2D91-CDEA-EA89-B42AFDEED667" name="Clientes">
<createdBy>juan.freitas</createdBy>
<createdTime>2025-05-09 00:25:35 UTC</createdTime>
<ownerDesignName>ProjDB-Pedidos</ownerDesignName>
<engineerTo>
<item key="C27F6BC2-1EC6-A79E-DBA4-A4246400152A" value="true"/>
</engineerTo>
<adequatelyNormalized>NO</adequatelyNormalized>
<expectedVolumes>0</expectedVolumes>
<fwdEngineeringStrategyName>Single Table</fwdEngineeringStrategyName>
<growthPercent>0</growthPercent>
<growthType>Year</growthType>
<maxVolumes>9999999</maxVolumes>
<minVolumes>0</minVolumes>
<normalForm>Third</normalForm>
<attributes itemClass="oracle.dbtools.crest.model.design.logical.Attribute">
<Attribute name="cpfCliente" id="1922C8E7-8E70-BC14-4C4F-C46943C59D10">
<createdBy>juan.freitas</createdBy>
<createdTime>2025-05-09 00:26:01 UTC</createdTime>
<ownerDesignName>ProjDB-Pedidos</ownerDesignName>
<engineerTo>
<item key="C27F6BC2-1EC6-A79E-DBA4-A4246400152A" value="true"/>
</engineerTo>
<useDomainConstraints>false</useDomainConstraints>
<use>1</use>
<logicalDatatype>LOGDT024</logicalDatatype>
<dataTypeSize>14</dataTypeSize>
<ownDataTypeParameters>14,,</ownDataTypeParameters>
</Attribute>
<Attribute name="nomeCliente" id="98EBF3B5-C2A9-7F27-948E-3F915DD3A8E6">
<createdBy>juan.freitas</createdBy>
<createdTime>2025-05-09 00:26:02 UTC</createdTime>
<ownerDesignName>ProjDB-Pedidos</ownerDesignName>
<engineerTo>
<item key="C27F6BC2-1EC6-A79E-DBA4-A4246400152A" value="true"/>
</engineerTo>
<useDomainConstraints>false</useDomainConstraints>
<use>1</use>
<logicalDatatype>LOGDT024</logicalDatatype>
<dataTypeSize>100</dataTypeSize>
<ownDataTypeParameters>100,,</ownDataTypeParameters>
</Attribute>
<Attribute name="telefoneCliente" id="994EC53B-6C22-6221-C927-AD370A5AB23A">
<createdBy>juan.freitas</createdBy>
<createdTime>2025-05-09 00:26:02 UTC</createdTime>
<ownerDesignName>ProjDB-Pedidos</ownerDesignName>
<engineerTo>
<item key="C27F6BC2-1EC6-A79E-DBA4-A4246400152A" value="true"/>
</engineerTo>
<useDomainConstraints>false</useDomainConstraints>
<use>1</use>
<logicalDatatype>LOGDT024</logicalDatatype>
<dataTypeSize>20</dataTypeSize>
<ownDataTypeParameters>20,,</ownDataTypeParameters>
</Attribute>
<Attribute name="logradouro" id="72A747A4-9775-53F2-8E54-3E3AFC11C470">
<createdBy>juan.freitas</createdBy>
<createdTime>2025-05-09 00:26:03 UTC</createdTime>
<ownerDesignName>ProjDB-Pedidos</ownerDesignName>
<engineerTo>
<item key="C27F6BC2-1EC6-A79E-DBA4-A4246400152A" value="true"/>
</engineerTo>
<useDomainConstraints>false</useDomainConstraints>
<use>1</use>
<logicalDatatype>LOGDT024</logicalDatatype>
<dataTypeSize>100</dataTypeSize>
<ownDataTypeParameters>100,,</ownDataTypeParameters>
</Attribute>
<Attribute name="numeroEndereco" id="5B4D5004-81C9-D8FF-694B-0A16FF0EC4CD">
<createdBy>juan.freitas</createdBy>
<createdTime>2025-05-09 00:26:03 UTC</createdTime>
<ownerDesignName>ProjDB-Pedidos</ownerDesignName>
<engineerTo>
<item key="C27F6BC2-1EC6-A79E-DBA4-A4246400152A" value="true"/>
</engineerTo>
<useDomainConstraints>false</useDomainConstraints>
<use>1</use>
<logicalDatatype>LOGDT024</logicalDatatype>
<dataTypeSize>10</dataTypeSize>
<ownDataTypeParameters>10,,</ownDataTypeParameters>
</Attribute>
<Attribute name="complemento" id="80C1B28E-9FB4-BC0D-F6F3-E8E29A8DC364">
<createdBy>juan.freitas</createdBy>
<createdTime>2025-05-09 00:26:04 UTC</createdTime>
<ownerDesignName>ProjDB-Pedidos</ownerDesignName>
<engineerTo>
<item key="C27F6BC2-1EC6-A79E-DBA4-A4246400152A" value="true"/>
</engineerTo>
<useDomainConstraints>false</useDomainConstraints>
<use>1</use>
<logicalDatatype>LOGDT024</logicalDatatype>
<dataTypeSize>50</dataTypeSize>
<ownDataTypeParameters>50,,</ownDataTypeParameters>
</Attribute>
<Attribute name="cidade" id="6EFD5982-41A1-53D8-463F-E28533B4C1EF">
<createdBy>juan.freitas</createdBy>
<createdTime>2025-05-09 00:26:04 UTC</createdTime>
<ownerDesignName>ProjDB-Pedidos</ownerDesignName>
<engineerTo>
<item key="C27F6BC2-1EC6-A79E-DBA4-A4246400152A" value="true"/>
</engineerTo>
<useDomainConstraints>false</useDomainConstraints>
<use>1</use>
<logicalDatatype>LOGDT024</logicalDatatype>
<dataTypeSize>50</dataTypeSize>
<ownDataTypeParameters>50,,</ownDataTypeParameters>
</Attribute>
<Attribute name="estado" id="EDE68B5A-8A21-592C-6573-4C356E42A131">
<createdBy>juan.freitas</createdBy>
<createdTime>2025-05-09 00:26:05 UTC</createdTime>
<ownerDesignName>ProjDB-Pedidos</ownerDesignName>
<engineerTo>
<item key="C27F6BC2-1EC6-A79E-DBA4-A4246400152A" value="true"/>
</engineerTo>
<useDomainConstraints>false</useDomainConstraints>
<use>1</use>
<logicalDatatype>LOGDT025</logicalDatatype>
<dataTypeSize>2</dataTypeSize>
<ownDataTypeParameters>2,,</ownDataTypeParameters>
</Attribute>
<Attribute name="cep" id="03FFD697-BBDC-B9AE-E032-53D3C63F6C0C">
<createdBy>juan.freitas</createdBy>
<createdTime>2025-05-09 00:26:05 UTC</createdTime>
<ownerDesignName>ProjDB-Pedidos</ownerDesignName>
<engineerTo>
<item key="C27F6BC2-1EC6-A79E-DBA4-A4246400152A" value="true"/>
</engineerTo>
<useDomainConstraints>false</useDomainConstraints>
<use>1</use>
<logicalDatatype>LOGDT024</logicalDatatype>
<dataTypeSize>10</dataTypeSize>
<ownDataTypeParameters>10,,</ownDataTypeParameters>
</Attribute>
</attributes>
<identifiers itemClass="oracle.dbtools.crest.model.design.logical.CandidateKey">
<identifier id="32691D1F-E014-805E-4524-76514D28D221" name="Clientes PK">
<createdBy>juan.freitas</createdBy>
<createdTime>2025-05-09 00:26:24 UTC</createdTime>
<ownerDesignName>ProjDB-Pedidos</ownerDesignName>
<engineerTo>
<item key="C27F6BC2-1EC6-A79E-DBA4-A4246400152A" value="true"/>
</engineerTo>
<pk>true</pk>
<usedAttributes>
<attributeRef>1922C8E7-8E70-BC14-4C4F-C46943C59D10</attributeRef>
</usedAttributes>
</identifier>
</identifiers>
</Entity>