<?xml version = '1.0' encoding = 'UTF-8'?>
<Entity class="oracle.dbtools.crest.model.design.logical.Entity" directorySegmentName="seg_0" id="941F96CC-84AB-D03C-FCE1-E5924CB89972" name="ItensPedido">
<createdBy>juan.freitas</createdBy>
<createdTime>2025-05-09 00:33:22 UTC</createdTime>
<ownerDesignName>ProjDB-Pedidos</ownerDesignName>
<engineerTo>
<item key="C27F6BC2-1EC6-A79E-DBA4-A4246400152A" value="true"/>
</engineerTo>
<adequatelyNormalized>NO</adequatelyNormalized>
<expectedVolumes>0</expectedVolumes>
<fwdEngineeringStrategyName>Single Table</fwdEngineeringStrategyName>
<growthPercent>0</growthPercent>
<growthType>Year</growthType>
<maxVolumes>9999999</maxVolumes>
<minVolumes>0</minVolumes>
<normalForm>Third</normalForm>
<attributes itemClass="oracle.dbtools.crest.model.design.logical.Attribute">
<Attribute name="idPedido" id="B21ABCB2-E8F8-1A07-EC42-70C730CD395B">
<createdBy>juan.freitas</createdBy>
<createdTime>2025-05-09 00:33:38 UTC</createdTime>
<ownerDesignName>ProjDB-Pedidos</ownerDesignName>
<engineerTo>
<item key="C27F6BC2-1EC6-A79E-DBA4-A4246400152A" value="true"/>
</engineerTo>
<useDomainConstraints>false</useDomainConstraints>
<use>1</use>
<logicalDatatype>LOGDT011</logicalDatatype>
<ownDataTypeParameters>,,</ownDataTypeParameters>
</Attribute>
<Attribute name="codigoItem" id="F717F633-FD16-72CB-7740-CEAC36CA5C40">
<createdBy>juan.freitas</createdBy>
<createdTime>2025-05-09 00:34:00 UTC</createdTime>
<ownerDesignName>ProjDB-Pedidos</ownerDesignName>
<engineerTo>
<item key="C27F6BC2-1EC6-A79E-DBA4-A4246400152A" value="true"/>
</engineerTo>
<useDomainConstraints>false</useDomainConstraints>
<use>1</use>
<logicalDatatype>LOGDT011</logicalDatatype>
<ownDataTypeParameters>,,</ownDataTypeParameters>
</Attribute>
<Attribute name="descricaoProduto" id="80EE7E1C-CF7C-65A1-590E-418DAFE45779">
<createdBy>juan.freitas</createdBy>
<createdTime>2025-05-09 00:34:00 UTC</createdTime>
<ownerDesignName>ProjDB-Pedidos</ownerDesignName>
<engineerTo>
<item key="C27F6BC2-1EC6-A79E-DBA4-A4246400152A" value="true"/>
</engineerTo>
<useDomainConstraints>false</useDomainConstraints>
<use>1</use>
<logicalDatatype>LOGDT024</logicalDatatype>
<dataTypeSize>100</dataTypeSize>
<ownDataTypeParameters>100,,</ownDataTypeParameters>
</Attribute>
<Attribute name="quantidade" id="6836659F-3117-2679-53BB-099F2F339C72">
<createdBy>juan.freitas</createdBy>
<createdTime>2025-05-09 00:34:01 UTC</createdTime>
<ownerDesignName>ProjDB-Pedidos</ownerDesignName>
<engineerTo>
<item key="C27F6BC2-1EC6-A79E-DBA4-A4246400152A" value="true"/>
</engineerTo>
<useDomainConstraints>false</useDomainConstraints>
<use>1</use>
<logicalDatatype>LOGDT011</logicalDatatype>
<ownDataTypeParameters>,,</ownDataTypeParameters>
</Attribute>
<Attribute name="precoUnitario" id="30DB411B-EAEB-2393-FF10-8DCB70AF9449">
<createdBy>juan.freitas</createdBy>
<createdTime>2025-05-09 00:34:01 UTC</createdTime>
<ownerDesignName>ProjDB-Pedidos</ownerDesignName>
<engineerTo>
<item key="C27F6BC2-1EC6-A79E-DBA4-A4246400152A" value="true"/>
</engineerTo>
<useDomainConstraints>false</useDomainConstraints>
<use>1</use>
<logicalDatatype>LOGDT026</logicalDatatype>
<dataTypePrecision>10</dataTypePrecision>
<dataTypeScale>2</dataTypeScale>
<ownDataTypeParameters>,10,2</ownDataTypeParameters>
</Attribute>
<Attribute name="valorItem" id="058AA628-8C4B-AEC5-5966-BABA06DEFC05">
<createdBy>juan.freitas</createdBy>
<createdTime>2025-05-09 00:34:02 UTC</createdTime>
<ownerDesignName>ProjDB-Pedidos</ownerDesignName>
<engineerTo>
<item key="C27F6BC2-1EC6-A79E-DBA4-A4246400152A" value="true"/>
</engineerTo>
<useDomainConstraints>false</useDomainConstraints>
<use>1</use>
<logicalDatatype>LOGDT026</logicalDatatype>
<dataTypePrecision>10</dataTypePrecision>
<dataTypeScale>2</dataTypeScale>
<ownDataTypeParameters>,10,2</ownDataTypeParameters>
</Attribute>
<Attribute name="idPedido1" id="244D84FD-17AE-F1D1-DFAF-4C03946A242B">
<createdBy>juan.freitas</createdBy>
<createdTime>2025-05-09 00:37:40 UTC</createdTime>
<generatorID>D44534AA-559A-7966-0D23-DC2A7FC803C2</generatorID>
<ownerDesignName>ProjDB-Pedidos</ownerDesignName>
<engineerTo>
<item key="C27F6BC2-1EC6-A79E-DBA4-A4246400152A" value="true"/>
</engineerTo>
<referedAttribute>0FED67C4-86C1-1031-2DC7-9A5C5F1C176B</referedAttribute>
<useDomainConstraints>false</useDomainConstraints>
<use>1</use>
<logicalDatatype>LOGDT011</logicalDatatype>
<ownDataTypeParameters>,,</ownDataTypeParameters>
</Attribute>
</attributes>
</Entity>