<?xml version = '1.0' encoding = 'UTF-8'?>
<FKIndexAssociation class="oracle.dbtools.crest.model.design.relational.FKIndexAssociation" directorySegmentName="seg_0" id="6FF70008-8A48-215A-12A9-5508E2AF76CA" containerWithKeyObject="C12FF36C-DD95-CD2E-8672-2B5395E69FF9" localFKIndex="733B4591-29E2-DFCB-7191-027C043E2D26" name="Pedidos_vendedores_FK">
<createdBy>juan.freitas</createdBy>
<createdTime>2025-05-09 00:38:38 UTC</createdTime>
<generatorID>8945C01A-A129-D264-EFB8-7DACBE80AE65</generatorID>
<ownerDesignName>ProjDB-Pedidos</ownerDesignName>
<referredTableLongName>vendedores</referredTableLongName>
<deleteRule>NO ACTION</deleteRule>
<referredTableID>4324BD93-8222-8195-5BD7-E85DD914A7F9</referredTableID>
<keyObject>19295025-D645-5DBC-B7E1-985C370901DB</keyObject>
<referredKeyID>19295025-D645-5DBC-B7E1-985C370901DB</referredKeyID>
<mandatory>true</mandatory>
<refColNames>matriculaVendedor</refColNames>
<transferable>true</transferable>
<rely>false</rely>
<columnDependencyConstraintGenerateInDDL>true</columnDependencyConstraintGenerateInDDL>
</FKIndexAssociation>