<?xml version = '1.0' encoding = 'UTF-8'?>
<relationalModel class="oracle.dbtools.crest.model.design.relational.RelationalDesign" name="Relational_1" id="C27F6BC2-1EC6-A79E-DBA4-A4246400152A" mainViewID="BB96F5BE-A059-6372-C6A7-2F7DE2B8F521">
<createdBy>juan.freitas</createdBy>
<createdTime>2025-05-08 23:48:44 UTC</createdTime>
<ownerDesignName>ProjDB-Pedidos</ownerDesignName>
<shouldBeOpen>false</shouldBeOpen>
<selectedRDBMSSite>32076570-2523-435C-2E92-BF29817DFF70</selectedRDBMSSite>
</relationalModel>