<?xml version = '1.0' encoding = 'UTF-8'?>
<Entity class="oracle.dbtools.crest.model.design.logical.Entity" directorySegmentName="seg_0" id="ED6AA36A-3B06-5C59-244C-C76E95CC4E8B" name="ProdutoServico">
<createdBy>Juan</createdBy>
<createdTime>2025-03-27 23:36:17 UTC</createdTime>
<ownerDesignName>ProjBD-Pet</ownerDesignName>
<engineerTo>
<item key="1014C36C-F402-D2AA-8C1F-78F22C30282F" value="true"/>
</engineerTo>
<adequatelyNormalized>NO</adequatelyNormalized>
<expectedVolumes>0</expectedVolumes>
<fwdEngineeringStrategyName>Single Table</fwdEngineeringStrategyName>
<growthPercent>0</growthPercent>
<growthType>Year</growthType>
<maxVolumes>9999999</maxVolumes>
<minVolumes>0</minVolumes>
<normalForm>Third</normalForm>
<preferredAbbreviation>pes</preferredAbbreviation>
<shortName>ProdutoServico</shortName>
<synonym>ProdutoServico</synonym>
<attributes itemClass="oracle.dbtools.crest.model.design.logical.Attribute">
<Attribute name="nome" id="20C68F3F-35FE-4007-374F-0BB71853C8B8">
<createdBy>Juan</createdBy>
<createdTime>2025-03-27 23:37:47 UTC</createdTime>
<ownerDesignName>ProjBD-Pet</ownerDesignName>
<engineerTo>
<item key="1014C36C-F402-D2AA-8C1F-78F22C30282F" value="true"/>
</engineerTo>
<use>0</use>
<ownDataTypeParameters>,,</ownDataTypeParameters>
</Attribute>
<Attribute name="descricao" id="254D7083-F9EA-86E8-7409-4ED6A77934F7">
<createdBy>Juan</createdBy>
<createdTime>2025-03-27 23:37:48 UTC</createdTime>
<ownerDesignName>ProjBD-Pet</ownerDesignName>
<engineerTo>
<item key="1014C36C-F402-D2AA-8C1F-78F22C30282F" value="true"/>
</engineerTo>
<use>0</use>
<ownDataTypeParameters>,,</ownDataTypeParameters>
</Attribute>
<Attribute name="preco" id="97C67C0C-E49D-A427-8733-38A28B40FF43">
<createdBy>Juan</createdBy>
<createdTime>2025-03-27 23:37:48 UTC</createdTime>
<ownerDesignName>ProjBD-Pet</ownerDesignName>
<engineerTo>
<item key="1014C36C-F402-D2AA-8C1F-78F22C30282F" value="true"/>
</engineerTo>
<use>0</use>
<ownDataTypeParameters>,,</ownDataTypeParameters>
</Attribute>
<Attribute name="validade" id="2ED5C883-CFF6-1C0C-F386-E01596FBFE57">
<createdBy>Juan</createdBy>
<createdTime>2025-03-27 23:37:48 UTC</createdTime>
<ownerDesignName>ProjBD-Pet</ownerDesignName>
<engineerTo>
<item key="1014C36C-F402-D2AA-8C1F-78F22C30282F" value="true"/>
</engineerTo>
<use>0</use>
<ownDataTypeParameters>,,</ownDataTypeParameters>
</Attribute>
<Attribute name="tipoProduto" id="38687F21-8E8F-B1D0-360A-FBED26768310">
<createdBy>Juan</createdBy>
<createdTime>2025-03-27 23:37:48 UTC</createdTime>
<ownerDesignName>ProjBD-Pet</ownerDesignName>
<engineerTo>
<item key="1014C36C-F402-D2AA-8C1F-78F22C30282F" value="true"/>
</engineerTo>
<use>0</use>
<ownDataTypeParameters>,,</ownDataTypeParameters>
</Attribute>
</attributes>
</Entity>