<?xml version = '1.0' encoding = 'UTF-8'?>
<Relation class="oracle.dbtools.crest.model.design.logical.Relation" name="PetShop" directorySegmentName="seg_0" id="ED24B4E9-FCD4-3B70-4366-1A1342E5E016">
<createdBy>Juan</createdBy>
<createdTime>2025-03-28 00:28:46 UTC</createdTime>
<ownerDesignName>ProjBD-Pet</ownerDesignName>
<engineerTo>
<item key="1014C36C-F402-D2AA-8C1F-78F22C30282F" value="true"/>
</engineerTo>
<identifying>false</identifying>
<optionalSource>true</optionalSource>
<optionalTarget>false</optionalTarget>
<sourceCardinality>1</sourceCardinality>
<sourceEntity>9B43F905-BE41-7348-E24B-D287282CBABF</sourceEntity>
<targetCardinalityString>*</targetCardinalityString>
<targetEntity>88AC988E-FCD1-AAD1-7765-F81074AA0E4A</targetEntity>
<transferable>true</transferable>
<deleteRule>NO ACTION</deleteRule>
</Relation>