<?xml version = '1.0' encoding = 'UTF-8'?>
<Table class="oracle.dbtools.crest.model.design.relational.Table" directorySegmentName="seg_0" id="5D267807-B589-673C-E407-4A4EEBAF394E" name="ItensPedido">
<createdBy>juan.freitas</createdBy>
<createdTime>2025-05-09 00:38:38 UTC</createdTime>
<generatorID>941F96CC-84AB-D03C-FCE1-E5924CB89972</generatorID>
<ownerDesignName>ProjDB-Pedidos</ownerDesignName>
<allowColumnReorder>false</allowColumnReorder>
<existDependencyGenerateInDDl>true</existDependencyGenerateInDDl>
<parsed>true</parsed>
<columns itemClass="oracle.dbtools.crest.model.design.relational.Column">
<Column name="idPedido" id="9ABAEAD6-D926-8A4D-A4C4-4B6E62DB4A14">
<createdBy>juan.freitas</createdBy>
<createdTime>2025-05-09 00:38:38 UTC</createdTime>
<generatorID>B21ABCB2-E8F8-1A07-EC42-70C730CD395B</generatorID>
<ownerDesignName>ProjDB-Pedidos</ownerDesignName>
<useDomainConstraints>false</useDomainConstraints>
<use>1</use>
<logicalDatatype>LOGDT011</logicalDatatype>
<ownDataTypeParameters>,,</ownDataTypeParameters>
<autoIncrementCycle>false</autoIncrementCycle>
</Column>
<Column name="codigoItem" id="A4FB14D0-3767-563A-3DF4-3970ED9E94D6">
<createdBy>juan.freitas</createdBy>
<createdTime>2025-05-09 00:38:38 UTC</createdTime>
<generatorID>F717F633-FD16-72CB-7740-CEAC36CA5C40</generatorID>
<ownerDesignName>ProjDB-Pedidos</ownerDesignName>
<useDomainConstraints>false</useDomainConstraints>
<use>1</use>
<logicalDatatype>LOGDT011</logicalDatatype>
<ownDataTypeParameters>,,</ownDataTypeParameters>
<autoIncrementCycle>false</autoIncrementCycle>
</Column>
<Column name="descricaoProduto" id="AC056658-6D65-2695-1424-49AD4C251135">
<createdBy>juan.freitas</createdBy>
<createdTime>2025-05-09 00:38:38 UTC</createdTime>
<generatorID>80EE7E1C-CF7C-65A1-590E-418DAFE45779</generatorID>
<ownerDesignName>ProjDB-Pedidos</ownerDesignName>
<useDomainConstraints>false</useDomainConstraints>
<use>1</use>
<logicalDatatype>LOGDT024</logicalDatatype>
<dataTypeSize>100</dataTypeSize>
<ownDataTypeParameters>100,,</ownDataTypeParameters>
<autoIncrementCycle>false</autoIncrementCycle>
</Column>
<Column name="quantidade" id="0A907400-8ED4-E5B6-0EF1-BE5D8C0FADAF">
<createdBy>juan.freitas</createdBy>
<createdTime>2025-05-09 00:38:38 UTC</createdTime>
<generatorID>6836659F-3117-2679-53BB-099F2F339C72</generatorID>
<ownerDesignName>ProjDB-Pedidos</ownerDesignName>
<useDomainConstraints>false</useDomainConstraints>
<use>1</use>
<logicalDatatype>LOGDT011</logicalDatatype>
<ownDataTypeParameters>,,</ownDataTypeParameters>
<autoIncrementCycle>false</autoIncrementCycle>
</Column>
<Column name="precoUnitario" id="6A402573-85E3-AAFB-A264-70B0662F5302">
<createdBy>juan.freitas</createdBy>
<createdTime>2025-05-09 00:38:38 UTC</createdTime>
<generatorID>30DB411B-EAEB-2393-FF10-8DCB70AF9449</generatorID>
<ownerDesignName>ProjDB-Pedidos</ownerDesignName>
<useDomainConstraints>false</useDomainConstraints>
<use>1</use>
<logicalDatatype>LOGDT026</logicalDatatype>
<dataTypePrecision>10</dataTypePrecision>
<dataTypeScale>2</dataTypeScale>
<ownDataTypeParameters>,10,2</ownDataTypeParameters>
<autoIncrementCycle>false</autoIncrementCycle>
</Column>
<Column name="valorItem" id="2492A209-91CA-BAF3-6597-9A402B4EA279">
<createdBy>juan.freitas</createdBy>
<createdTime>2025-05-09 00:38:38 UTC</createdTime>
<generatorID>058AA628-8C4B-AEC5-5966-BABA06DEFC05</generatorID>
<ownerDesignName>ProjDB-Pedidos</ownerDesignName>
<useDomainConstraints>false</useDomainConstraints>
<use>1</use>
<logicalDatatype>LOGDT026</logicalDatatype>
<dataTypePrecision>10</dataTypePrecision>
<dataTypeScale>2</dataTypeScale>
<ownDataTypeParameters>,10,2</ownDataTypeParameters>
<autoIncrementCycle>false</autoIncrementCycle>
</Column>
<Column name="Pedidos_idPedido" id="61122513-4A44-8AC1-FA8E-BF9B093951CB">
<createdBy>juan.freitas</createdBy>
<createdTime>2025-05-09 00:38:38 UTC</createdTime>
<generatorID>244D84FD-17AE-F1D1-DFAF-4C03946A242B</generatorID>
<ownerDesignName>ProjDB-Pedidos</ownerDesignName>
<useDomainConstraints>false</useDomainConstraints>
<use>1</use>
<logicalDatatype>LOGDT011</logicalDatatype>
<ownDataTypeParameters>,,</ownDataTypeParameters>
<previousColumn>false</previousColumn>
<autoIncrementCycle>false</autoIncrementCycle>
<associations>
<colAssociation fkAssociation="B81E4104-9C05-C016-DC99-A073F216E610" referredColumn="746162E7-B7C4-8D06-D940-D49052613FB2"/>
</associations>
</Column>
</columns>
<indexes itemClass="oracle.dbtools.crest.model.design.relational.Index">
<ind_PK_UK id="D9C7CF63-12B0-A261-8379-906B0356C098" name="ItensPedido_Pedidos_FK">
<createdBy>juan.freitas</createdBy>
<createdTime>2025-05-09 00:38:38 UTC</createdTime>
<generatorID>D44534AA-559A-7966-0D23-DC2A7FC803C2</generatorID>
<ownerDesignName>ProjDB-Pedidos</ownerDesignName>
<indexState>Foreign Key</indexState>
<isSurrogateKey>false</isSurrogateKey>
<indexColumnUsage>
<colUsage columnID="61122513-4A44-8AC1-FA8E-BF9B093951CB"/>
</indexColumnUsage>
</ind_PK_UK>
</indexes>
</Table>