<?xml version = '1.0' encoding = 'UTF-8'?>
<Relation class="oracle.dbtools.crest.model.design.logical.Relation" name="Relation_2" directorySegmentName="seg_0" id="8945C01A-A129-D264-EFB8-7DACBE80AE65">
<createdBy>juan.freitas</createdBy>
<createdTime>2025-05-09 00:37:26 UTC</createdTime>
<ownerDesignName>ProjDB-Pedidos</ownerDesignName>
<engineerTo>
<item key="C27F6BC2-1EC6-A79E-DBA4-A4246400152A" value="true"/>
</engineerTo>
<sourcePk>E9BA5EF0-D1D0-E448-979E-B21EE63189D1</sourcePk>
<identifying>false</identifying>
<optionalSource>true</optionalSource>
<optionalTarget>false</optionalTarget>
<sourceCardinality>1</sourceCardinality>
<sourceEntity>36A08C45-E7B0-A974-6E73-8BD40B12DB60</sourceEntity>
<targetCardinalityString>*</targetCardinalityString>
<targetEntity>6CF49F7A-0B8C-9922-C047-620327F5C2C1</targetEntity>
<transferable>true</transferable>
<deleteRule>NO ACTION</deleteRule>
</Relation>